Rolex/Tudor,Calibre,P-number,Stock
Rolex,7,330,2
Rolex,22,2022-01-16 00:00:00,1
Rolex,23,44200,2
Rolex,23,40170,1
Rolex,23,12200,3
Rolex,23,9280,4
Rolex,24,704,6
Rolex,24,502,1
Rolex,24,5330,7
Rolex,24,7330,4
Rolex,24,530-0,16
Rolex,24,703-0,5
Rolex,24,703-8,8
Rolex,24,6020-01-01 00:00:00,3
Rolex,24,531-0,23
Rolex,24,p402-3,2
Rolex,24,p502-3,2
Rolex,24,p303,5
Rolex,24,6020,10
Rolex,24,V51,6
Rolex,24,V53,3
Rolex,24,7230,2
Rolex,24,7000,5
Rolex,25,295,9
Tudor,25,283,3
Tudor,25,201,2
Rolex,25,12,8
Rolex,25,129,5
Rolex,25,21,5
Rolex,25,127,3
Rolex,25,104,1
Rolex,25,9297,1
Rolex,25,318-c1,2
Rolex,25,192-c1,3
Tudor,25,306,1
Tudor,25,246T,1
Tudor,25,245,1
Rolex,25,116,4
Rolex,25,19,7
Rolex,25,192,1
Rolex,25,318,4
Tudor,25,316,1
Rolex,25,29,4
Rolex,25,39,7
Rolex,25,10,38
Rolex,25,22,3
Rolex,25,14,3
Rolex,25,9,9
Rolex,25,139,1
Rolex,25,194,1
Rolex,25,112,1
Rolex,25,3,4
Rolex,25,44,3
Tudor,25,2,8
Rolex,29,5300,2
Rolex,29,6030,1
Rolex,32,20680T,1
Rolex,32,20790,2
Rolex,32,20630,2
Rolex,32,20540,1
Rolex,32,20656,1
Rolex,32,20731,1
Rolex,32,450-3,1
Rolex,32,593-0,1
Rolex,32,23042,6
Rolex,32,20256,1
Rolex,32,20636,1
Rolex,32,20762,2
Rolex,32,20764,1
Rolex,32,23043,1
Rolex,32,26096,1
Rolex,32,20681,4
Rolex,32,20732,1
Rolex,32,20638,1
Rolex,32,23077,1
Rolex,32,20519,1
Rolex,32,23237,1
Rolex,32,20610,1
Rolex,32,557B,1
Rolex,241,603-0,1
Rolex,241,703-0,2
Rolex,241,24-600-83,2
Rolex,241,24-700-8,2
Rolex,242,24-5300,5
Rolex,242,24-5330-8,3
Rolex,242,24-6010,7
Rolex,243,24-402402-8,2
Rolex,243,24-504504-8,1
Rolex,244,24-P3-8,2
Rolex,244,24-P302-8,1
Rolex,250,2077,2
Rolex,300,2666,2
Rolex,300,2665,2
Rolex,315,79090,1
Rolex,315,16700-11,4
Rolex,315,16713-15,2
Rolex,315,16700,3
Rolex,315,16760,3
Rolex,315,16750-6,4
Rolex,315,1680-1,3
Rolex,315,16750-1,4
Rolex,315,14060-181,2
Rolex,315,16718-11,1
Rolex,316,116400,2
Rolex,316,114200,1
Rolex,316,16800,1
Rolex,317,16800,4
Rolex,319,178000,1
Rolex,319,118000,1
Rolex,319,116100-1,1
Tudor,350,407,10
Tudor,390,1502,7
Tudor,390,260,11
Tudor,390,410,7
Tudor,390,12511,1
Tudor,390,12539,1
Tudor,390,1496,2
Tudor,401,7734,5
Rolex,600,3587,2
Rolex,600,3589,2
Rolex,630,3576,2
Rolex,630,3612,2
Rolex,630,3611,1
Rolex,635,5660,5
Rolex,635,5670,2
Rolex,635,5664,2
Rolex,650,807,1
Rolex,650,831,3
Rolex,650,836,2
Rolex,650,924,1
Rolex,650,929,1
Rolex,650,951,2
Rolex,651,855,1
Rolex,700,2959,1
Rolex,700,3873,2
Rolex,700,382,2
Rolex,700,3875,3
Rolex,700,3884,1
Rolex,720,4169,2
Rolex,750,913,1
Rolex,750,910,1
Rolex,1030,6948,3
Rolex,1030,6956,1
Rolex,1030,7004,1
Rolex,1030,7021,2
Rolex,1030,6941,8
Rolex,1030,6900/585,1
Rolex,1036,7086,1
Rolex,1036,7081,2
Rolex,1036,7085,1
Rolex,1100,6750,6
Rolex,1100,6652,6
Rolex,1100,6661,4
Rolex,1100,6639,7
Rolex,1100,6753,1
Rolex,1100,6631,1
Rolex,1100,6633,2
Rolex,1100,6754,6
Rolex,1100,6616,2
Rolex,1120,6717,1
Rolex,1120,6682,1
Rolex,1120,6678,2
Rolex,1120,6707,5
Rolex,1120,6655-01-01 00:00:00,2
Rolex,1120,6654,1
Rolex,1120,6648,1
Rolex,1120,6637,4
Rolex,1120,6612,4
Rolex,1120,6632,1
Rolex,1120,6643,11
Rolex,1120,6622,2
Rolex,1130,6673,1
Rolex,1130,6738,2
Rolex,1130,6740,2
Rolex,1130,6736,1
Rolex,1130,6675,1
Rolex,1135,6770,1
Rolex,1135,6771-02-01 00:00:00,1
Rolex,1135,6772,1
Rolex,1160,6802,1
Rolex,1160,6805,1
Rolex,1161,6831/320,4
Rolex,1210,131,2
Rolex,1210,7517,3
Rolex,1210,7519,2
Rolex,1210,7507,4
Rolex,1210,7569,3
Rolex,1210,7550,3
Rolex,1210,7548,2
Rolex,1210,7532,2
Rolex,1210,7567,3
Rolex,1210,7565,4
Rolex,1210,7563,1
Rolex,1210,7560,3
Rolex,1210,7553,4
Rolex,1210,7571,4
Rolex,1215,119,1
Rolex,1215,7592,3
Rolex,1215,7590,8
Rolex,1220,7556,2
Rolex,1220,7621,3
Rolex,1220,7635,6
Rolex,1220,7631,2
Rolex,1225,7559,1
Rolex,1225,7599,1
Rolex,1225,7640,1
Rolex,1240,7551,1
Rolex,1300,7737,1
Rolex,1400,2916,3
Rolex,1400,2913,1
Rolex,1400,2924,1
Rolex,1520,7864,2
Rolex,1520,7870,4
Rolex,1520,7873,1
Rolex,1520,7880,1
Rolex,1520,7885,1
Rolex,1520,7910,1
Rolex,1520,7911,6
Rolex,1520,8073,4
Rolex,1520,8065,5
Rolex,1520,8061,2
Rolex,1520,8051,7
Rolex,1520,7956,2
Rolex,1520,7901,2
Rolex,1525,7950,31
Rolex,1525,7955,8
Rolex,1525,8073,1
Rolex,1525,797,2
Rolex,1525,7952,5
Rolex,1530,7918,4
Rolex,1530,7905,2
Rolex,1530,7869,3
Rolex,1530,7878,8
Rolex,1530,7826,3
Rolex,1530,7912-01-01 00:00:00,9
Rolex,1530,7882,3
Rolex,1530,7871,4
Rolex,1530,7937,2
Rolex,1530,7913,2
Rolex,1530,7906,3
Rolex,1530,7892,3
Rolex,1530,7890,5
Rolex,1530,788-1,1
Rolex,1530,7830,3
Rolex,1530,310,5
Rolex,1530,7845,5
Rolex,1530,7841,2
Rolex,1530,7873,10
Rolex,1530,7863,1
Rolex,1530,7865,1
Rolex,1530,7854,1
Rolex,1530,7881,5
Rolex,1530,7880,4
Rolex,1555,b170-y5,3
Rolex,1555,7969,5
Rolex,1555,8017,2
Rolex,1555,8012,8
Rolex,1555,8013,4
Rolex,1555,8007,2
Rolex,1555,8002,6
Rolex,1555,7977,2
Rolex,1556,8100,1
Rolex,1556,8016-02-01 00:00:00,1
Rolex,1560,7971,7
Rolex,1565,8021,5
Rolex,1565,8119,1
Rolex,1565,7964,1
Rolex,1570,7838,2
Rolex,1570,4433,1
Rolex,1570,7831,17
Rolex,1575,7965,1
Rolex,1575,8040,3
Rolex,1575,8036,4
Rolex,1575,8037,2
Rolex,1600,1803,3
Rolex,1600,1809,3
Rolex,1600,1806,4
Rolex,1600,1812,3
Rolex,1600,1819,2
Rolex,1600,1828,1
Rolex,1600,1841,4
Rolex,1600,1842,1
Rolex,1600,1846,4
Rolex,1600,1851,1
Rolex,1600,1853,4
Rolex,1600,1857,2
Rolex,1600,1873,3
Rolex,1600,1879,1
Rolex,1600,1882,4
Rolex,1600,1888,2
Rolex,1601,1890,2
Rolex,1602,5000,1
Rolex,1602,1804,2
Rolex,1602,340,1
Rolex,1602,421,1
Rolex,1602,453,3
Tudor,1895,260,2
Tudor,1895,246,1
Rolex,2030,4412,2
Rolex,2030,4419,27
Rolex,2030,4421,12
Rolex,2030,4423,8
Rolex,2030,4426,10
Rolex,2030,4429,23
Rolex,2030,4433,3
Rolex,2030,4434,9
Rolex,2030,4437,2
Rolex,2030,4440,8
Rolex,2030,4441,15
Rolex,2030,4458,6
Rolex,2030,4445,12
Rolex,2030,4453,17
Rolex,2030,4452,5
Rolex,2030,4454,18
Rolex,2030,4448,11
Rolex,2030,4481,1
Rolex,2030,4490,5
Rolex,2030,4479,9
Rolex,2030,4516,2
Rolex,2030,54516,1
Rolex,2030,54471,5
Rolex,2030,54459,3
Rolex,2030,7870,1
Rolex,2030,54445,2
Rolex,2030,4473,10
Rolex,2030,54413,1
Rolex,2030,4476,13
Rolex,2030,4442,17
Rolex,2030,6193,8
Rolex,2030,4495,2
Rolex,2030,54414,3
Rolex,2030,4471,7
Rolex,2030,4472,5
Rolex,2035,54516,2
Rolex,2035,4521-01-01 00:00:00,1
Rolex,2035,4511,7
Rolex,2035,4514,5
Rolex,2035,4515,2
Rolex,2130,167,1
Rolex,2130,510,12
Rolex,2130,540,15
Rolex,2130,245,10
Rolex,2130,315,6
Rolex,2130,560-2,6
Rolex,2130,568,30
Rolex,2130,5110,7
Rolex,2130,5210,4
Rolex,2130,335,5
Rolex,2130,301,5
Rolex,2130,246,2
Rolex,2130,212,18
Rolex,2130,125,2
Rolex,2130,225,6
Rolex,2130,220,3
Rolex,2130,9340,1
Rolex,2130,360,4
Rolex,2130,115,1
Rolex,2130,310,8
Rolex,2130,204,9
Rolex,2130,9570,5
Rolex,2130,425,3
Rolex,2130,451,4
Rolex,2130,432,3
Rolex,2130,915,3
Rolex,2130,0915-1,5
Rolex,2130,913,5
Rolex,2135,270,3
Rolex,2135,425,1
Rolex,2135,668,16
Rolex,2135,6800,3
Rolex,2135,220,20
Rolex,2135,633,11
Rolex,2135,5000,4
Rolex,2135,645-2,5
Rolex,2135,6800-02-01 00:00:00,5
Rolex,2230,b137-y5,3
Rolex,2230,9310,2
Rolex,2230,9510,1
Rolex,2230,9570,1
Rolex,2230,570-2,4
Rolex,2230,570,1
Rolex,2230,300,5
Rolex,2230,432,2
Rolex,2230,5013,1
Rolex,2230,225,6
Rolex,2230,305,7
Rolex,2230,239,5
Rolex,2230,245,6
Rolex,2230,246,1
Rolex,2230,211,3
Rolex,2230,250,8
Rolex,2230,410,10
Rolex,2230,220,3
Rolex,2230,260,6
Rolex,2230,209,9
Rolex,2230,315,3
Rolex,2230,450,2
Rolex,2230,478,2
Rolex,2230,561,4
Rolex,2230,281,2
Rolex,2230,4493,1
Rolex,2230,5110,7
Rolex,2235,220,4
Rolex,2235,633,5
Rolex,2235,9633,2
Rolex,2235,360,6
Rolex,2235,231,4
Rolex,2235,260,8
Rolex,2235,281,6
Rolex,2235,5180,2
Tudor,2554,1488,4
Tudor,2650,1488,2
Tudor,2650,1530,1
Tudor,2750,210,1
Rolex,3000,280,3
Rolex,3000,205,9
Rolex,3000,335,10
Rolex,3000,432,1
Rolex,3000,95019,3
Rolex,3000,450,1
Rolex,3000,55001,1
Rolex,3000,5064,1
Rolex,3030,5069,7
Rolex,3030,5036,9
Rolex,3030,5027,4
Rolex,3030,5026,5
Rolex,3030,315,1
Rolex,3030,5068,1
Rolex,3030,5042,3
Rolex,3030,5021,2
Rolex,3030,3035-315,1
Rolex,3030,5065,1
Rolex,3030,5066-02-01 00:00:00,1
Rolex,3030,5016,1
Rolex,3035,95011,12
Rolex,3035,95063-1,13
Rolex,3035,95008-1,1
Rolex,3035,95019-3,4
Rolex,3035,95008,5
Rolex,3035,95016,1
Rolex,3035,5099-02-01 00:00:00,2
Rolex,3035,5098,2
Rolex,3035,55033,1
Rolex,3035,5097,12
Rolex,3035,5100,2
Rolex,3035,5092,5
Rolex,3035,5090,16
Rolex,3035,5067,2
Rolex,3035,5046,9
Rolex,3035,5045,4
Rolex,3035,5043,5
Rolex,3035,5037,11
Rolex,3035,5038,11
Rolex,3035,5033,6
Rolex,3035,5031,7
Rolex,3035,5026,8
Rolex,3035,5021,3
Rolex,3035,5019,1
Rolex,3035,5014,11
Rolex,3035,5009,8
Rolex,3035,5007,3
Rolex,3035,5006,2
Rolex,3035,5093,1
Rolex,3035,5068,19
Rolex,3035,5028,9
Rolex,3035,5064,2
Rolex,3055,5133,2
Rolex,3055,5136,1
Rolex,3055,5131,3
Rolex,3055,5134-02-01 00:00:00,2
Rolex,3055,5128,3
Rolex,3055,5127,2
Rolex,3055,5120,8
Rolex,3055,5122,4
Rolex,3075,5156,6
Rolex,3075,5157,6
Rolex,3075,5153,4
Rolex,3085,5205,2
Rolex,3085,5209,7
Rolex,3085,5211,5
Rolex,3085,5215,1
Rolex,3085,5218,5
Rolex,3085,5230,3
Rolex,3085,5210,3
Rolex,3130,570,1
Rolex,3130,335,12
Rolex,3130,270,3
Rolex,3130,225,1
Rolex,3130,220,7
Rolex,3130,204,5
Rolex,3130,217,6
Rolex,3130,330,19
Rolex,3130,429,10
Rolex,3130,245,4
Rolex,3130,260,1
Rolex,3130,268,1
Rolex,3130,56-2,1
Rolex,3130,3135-301,1
Rolex,3130,3135-213,1
Rolex,3130,3135-31-2,1
Rolex,3130,3135-410,1
Rolex,3130,3135-510,1
Rolex,3130,3135-560-3,1
Rolex,3130,3135-250,2
Rolex,3130,307,7
Rolex,3130,3135-204,3
Rolex,3135,260,14
Rolex,3135,625,14
Rolex,3135,5452,3
Rolex,3135,540,38
Rolex,3135,419,1
Rolex,3135,421,3
Rolex,3135,9335,5
Rolex,3135,250,22
Rolex,3135,220,1
Rolex,3135,240,22
Rolex,3135,270,4
Rolex,3135,560-4,1
Rolex,3135,204,1
Rolex,3135,310,2
Rolex,3135,217,8
Rolex,3135,301,2
Rolex,3135,5000,2
Rolex,3135,9311,4
Rolex,3135,633,11
Rolex,3135,639,12
Rolex,3135,360,3
Rolex,3135,9360,2
Rolex,3135,670,9
Rolex,3135,5213,2
Rolex,3135,105-L1,2
Rolex,3135,9571,3
Rolex,3135,7115,1
Rolex,3135,5120,1
Rolex,3135,5110,9
Rolex,3135,125-Y1,1
Rolex,3135,5600-Y5,3
Rolex,3135,317-116260,1
Rolex,3135,5100,1
Rolex,3135,3135-230,2
Rolex,3135,3135-310,10
Rolex,3135,3135-266,5
Rolex,3135,3135-211,8
Rolex,3155,127,1
Rolex,3155,614,3
Rolex,3155,635,1
Rolex,3155,670,7
Rolex,3155,335,2
Rolex,3155,270,15
Rolex,3155,17101,12
Rolex,3156,2301,15
Rolex,3175,280,9
Rolex,3185,660,8
Rolex,3185,625,10
Rolex,3185,284,6
Rolex,3185,623,9
Rolex,3185,130-Y1,1
Rolex,3186,260,3
Rolex,3186,286,2
Rolex,3186,650,3
Rolex,4030,570,3
Rolex,4030,58081,1
Rolex,4030,5120,2
Rolex,4030,58320,1
Rolex,4030,58500,1
Rolex,4030,98104,1
Rolex,4030,5503,2
Rolex,4030,5106,2
Rolex,4030,8640,5
Rolex,4030,335,14
Rolex,4030,9309,1
Rolex,4030,210,26
Rolex,4030,360,24
Rolex,4030,8277,1
Rolex,4030,8320,1
Rolex,4030,540,8
Rolex,4030,8020,8
Rolex,4030,8060,6
Rolex,4030,410,6
Rolex,4030,8080,3
Rolex,4030,8070,5
Rolex,4030,8000,5
Rolex,4030,209,4
Rolex,4030,300,9
Rolex,4030,8358,2
Rolex,4030,8350,6
Rolex,4030,201,4
Rolex,4030,253,10
Rolex,4030,512,15
Rolex,4030,9335,4
Rolex,4030,222,3
Rolex,4030,8290,3
Rolex,4030,934,1
Rolex,4030,453,1
Rolex,4030,311,33
Rolex,4130,212,6
Rolex,4130,213,2
Rolex,4130,9335,1
Rolex,4130,7875,2
Rolex,4130,5142,1
Rolex,4130,5000,2
Rolex,4130,881,2
Rolex,4130,421,3
Rolex,4130,115,1
Rolex,4130,204,2
Rolex,4130,307,4
Rolex,4130,5110,2
Rolex,4130,822,4
Rolex,4130,210,1
Rolex,4130,211,2
Rolex,4130,880,2
Rolex,4130,845,1
Rolex,4130,815,3
Rolex,4130,310,1
Rolex,4130,860,1
Rolex,4130,864,1
Rolex,4130,834,4
Rolex,4130,825,2
Rolex,4130,240,1
Rolex,4130,244,1
Rolex,4130,260,1
Rolex,4130,231,3
Rolex,4130,340,1
Rolex,4130,510,4
Rolex,4130,335,3
Rolex,4160,55034,2
Rolex,5035,6044,1
Rolex,5035,56000,1
Rolex,5035,56002,3
Rolex,5035,6012,2
Rolex,5035,55052,2
Rolex,5035,5091,1
Rolex,5055,5136,2
Tudor,7750,240,3
Tudor,7750,195,1
Tudor,7750,410,1
Tudor,7750,401,1
Tudor,7750,8086,1
Tudor,7750,8690,3
Rolex,24130,217,1
Tudor,7750-01-01 00:00:00,24-T7500-4H,2
Rolex,"12""727",445E,1
Rolex,"13""72",6610B,1
Rolex,"13""727",770E,10
Rolex,"13""727",770E 1260,1
Rolex,"13""72A",453,1
Rolex,"13""72A",435A,1
Rolex,"13""72A",8335,3
Rolex,"13""72A",415A,7
Rolex,"13""72A",8270A,2
Rolex,"13""72A",8200,3
Rolex,"13""72A",8355A,4
Rolex,"13""72A",8350A,3
Rolex,"13""72A",8680-1A,1
Rolex,"13""72A",5150A,2
Rolex,"13""72A",5758D,1
Rolex,"13""72A",3090E,1
Rolex,"13""72A",730A,2
Rolex,"13""72A",210A,3
Rolex,"13""72A",407A,5
Rolex,"13""72A",8020A,1
Rolex,"13""72A",705E,3
Rolex,"13""72A",365E,2
Rolex,"13""72A",225A,2
Rolex,"13""72A",195A,2
Rolex,"13""72A",420A,4
Rolex,"13""72A",8100A,3
Rolex,,24-26812-8,2
Rolex,,24-26B300-8,2
Rolex,,24-480-0,1
Rolex,,24-531-0,2
Rolex,,24-600-9,1
Rolex,,24-6020,1
Rolex,,24-603-0,4
Rolex,,24-603-0,1
Rolex,,24-603-9,1
Rolex,,24-604-0,5
Rolex,,24-6330-1,5
Rolex,,24-7030-0,5
Tudor,247-2,24-500-1A,1
Rolex,,25-108,1
Rolex,,25-113,1
Rolex,,25-118,1
Rolex,,25-123,1
Rolex,,25-125,6
Rolex,,25-130,1
Rolex,,25-137,3
Rolex,,25-144,4
Rolex,25-286,CAR-V3,1
Rolex,,29-0302,3
Rolex,,29-05300,3
Rolex,,29-06000,4
Rolex,,29-06030,4
Rolex,29-243,86,2
Rolex,29-252,8,1
Rolex,29-292,85,3
Rolex,29-295,2,1
Rolex,29-295,1,2
Rolex,29-310,8,1
Rolex,29-317,8,1
Rolex,29-318,3,1
Rolex,31A,5513,10
Rolex,,32-20559,2
Rolex,"4""",1275,1
Rolex,,62510-20,1
Tudor,"7""1566",1143,1
Rolex,,78360-20,2
Rolex,,93160A,1
Rolex,a-296,4252,1
Rolex,B1530,310,1
Rolex,,B25-104,7
Rolex,,B25-129,2
Rolex,,B32-20634,2
Rolex,,B32-20635,2
Rolex,,B32-20687,1
Rolex,,B4493-G5,2
Rolex,,B4494-Y5,1
Rolex,,B54411-1-Y5,1
Rolex,,B55001-Y5,1
Rolex,,B55028-Y5,1
Rolex,,B55052-Y5,1
Rolex,,B55097-Y5,1
Rolex,,B6732-Y5,1
Rolex,B7837,Y1,1
Rolex,B7838,Y1,1
Rolex,,B95008-Y5,1
Rolex,,B95019-3-G5,1
Rolex,,B95019-4-Y5,1
Rolex,,B95063-Y5,1
Rolex,,B95067-G5,3
Rolex,,B95069-G5,1
Tudor,,B218-630-Q1,6
Rolex,,B218-106-G-N1,13
Tudor,Tropic,103,3
Tudor,Tropic,107,2
Tudor,Tropic,110,2
Tudor,Tropic,140,3
Rolex,Tropic,128,6
